{
  "set": {
    "6285756717521@s.whatsapp.net": {
      "lang": "id",
      "limit": 0,
      "uang": 0,
      "status": 0,
      "anticall": true,
      "autobio": false,
      "autoread": true,
      "autotyping": true,
      "readsw": false,
      "multiprefix": false,
      "template": "textMessage"
    }
  },
  "users": {
    "6285756717521@s.whatsapp.net": {
      "vip": false,
      "afkTime": -1,
      "afkReason": "",
      "limit": 100,
      "uang": 10000,
      "lastclaim": 1726672333870,
      "lastbegal": 1726672333870,
      "lastrampok": 1726672333870
    },
    "6282347814223@s.whatsapp.net": {
      "vip": false,
      "afkTime": -1,
      "afkReason": "",
      "limit": 100,
      "uang": 10000,
      "lastclaim": 1726673172011,
      "lastbegal": 1726673172011,
      "lastrampok": 1726673172011
    },
    "6285240771630@s.whatsapp.net": {
      "vip": false,
      "afkTime": -1,
      "afkReason": "",
      "limit": 100,
      "uang": 10000,
      "lastclaim": 1726673936199,
      "lastbegal": 1726673936199,
      "lastrampok": 1726673936199
    },
    "6282113821188@s.whatsapp.net": {
      "vip": false,
      "afkTime": -1,
      "afkReason": "",
      "limit": 100,
      "uang": 10000,
      "lastclaim": 1726674304932,
      "lastbegal": 1726674304932,
      "lastrampok": 1726674304932
    },
    "6285942914253@s.whatsapp.net": {
      "vip": false,
      "afkTime": -1,
      "afkReason": "",
      "limit": 100,
      "uang": 10000,
      "lastclaim": 1726676419054,
      "lastbegal": 1726676419054,
      "lastrampok": 1726676419054
    },
    "120363160757210405@newsletter": {
      "vip": false,
      "afkTime": -1,
      "afkReason": "",
      "limit": 100,
      "uang": 10000,
      "lastclaim": 1726679912877,
      "lastbegal": 1726679912877,
      "lastrampok": 1726679912877
    }
  },
  "game": {
    "suit": [],
    "menfes": [],
    "tekateki": [],
    "tictactoe": [],
    "tebaklirik": [],
    "kuismath": [],
    "tebaklagu": [],
    "tebakkata": [],
    "family100": [],
    "susunkata": [],
    "tebakbom": [],
    "tebakkimia": [],
    "caklontong": [],
    "tebaknegara": [],
    "tebakgambar": [],
    "tebakbendera": []
  },
  "groups": {
    "120363334040287430@g.us": {
      "nsfw": false,
      "mute": false,
      "setinfo": true,
      "antilink": false,
      "antitoxic": false,
      "welcome": true,
      "antivirtex": false,
      "antidelete": false,
      "waktusholat": false
    },
    "120363320444397668@g.us": {
      "nsfw": false,
      "mute": false,
      "setinfo": true,
      "antilink": false,
      "antitoxic": false,
      "welcome": true,
      "antivirtex": false,
      "antidelete": false,
      "waktusholat": false
    },
    "120363335195169130@g.us": {
      "nsfw": false,
      "mute": false,
      "setinfo": true,
      "antilink": false,
      "antitoxic": false,
      "welcome": true,
      "antivirtex": false,
      "antidelete": false,
      "waktusholat": false
    }
  },
  "database": {}
}