{"version":121,"hash":{"type":"Buffer","data":"kVTsJD2G7MdJ5JGPUjcOdiD1Bhn1AB1WiKNZrP4qbDrKbKs0+s/DxpDvbCLtjS2mWUMYEkgCE0Wkl2tyeRbYWCVew6BY/t5XOF5xR0EHKpu91MY6OqWcvNEcOjcNuWz+w8QLre+0QXl1J6RHq/11+GvxZkvG6eKaVQikJzLNtk0="},"indexValueMap":{"DfwRPXCK6A9OLNMAj04IyvYuunNCgOASvRMMfpDCPBw=":{"valueMac":{"type":"Buffer","data":"llMN1gKA4d4wOendIhG0RRyFcOHWxIhibdd8VWDsZq8="}},"Es3XUnZYsnVKXbqfkLzhFYS5OBRRxlcIv7CsF7BPhGk=":{"valueMac":{"type":"Buffer","data":"oppGsyMJ8WttzQuRIqinPBDttPKBtJG2hKSDpzbBxMM="}},"IAJHOdlCrxexjBhD6+LAdt2IQxXMn71mzKlLiQwfCGk=":{"valueMac":{"type":"Buffer","data":"0kXI6oxMygsrG2+vbFgXYKx1y/ciZn2TqDOdHzJsbV4="}},"KEpuCcbTiIUJ907CgJQOh30g12mcs+8UeHDd1SHadRw=":{"valueMac":{"type":"Buffer","data":"DBykOpUee0aUsKX9xQV/fa/hxjUybdIyWoxfaWGmYYI="}},"LMzqCy7wQXkqe9G/cJ+HMkInArbOVWD29zHj4ofDpyA=":{"valueMac":{"type":"Buffer","data":"SJ57ifsNICGh6AwbBr1Cm0uQaKNmS3E+evlNylW/9WY="}},"M75Ot01WqZ6AEqIoz13waJWQTUhSiWTYuEuWfcTLTzQ=":{"valueMac":{"type":"Buffer","data":"+pOYEUNZL0jLNOnVObT9APzh9kWLcqLqJ7RIPpJXAWI="}},"NsI0DlrvuIZOgv1bGPbWwbF3UakKb3DtBb7ceaT+ckE=":{"valueMac":{"type":"Buffer","data":"44Qp6VIChHyla3weCQwHrjcgjEkd2IgZzdCD/+uyEIw="}},"Ok5/NNHhi9XGWoZV+c2xY06JlIQ8Q0uLaJiqHqBLoPM=":{"valueMac":{"type":"Buffer","data":"IRx8fsgCB2zX0QDCI0+STBsptxs5KpjTW1TA9I+3Vdg="}},"PKV42uy3TkqBAf7zdIMgA+Ss6PJ+o6OfXcykOqvR7Vg=":{"valueMac":{"type":"Buffer","data":"QhGB4zYV1JvQkkaSVVPWZIrhxbNPjVYVDGbgNxFJiPU="}},"QrSfoQzZg/LDBLiYAdTDGAbEr/LAn97fH/oIxVv9S8w=":{"valueMac":{"type":"Buffer","data":"DJslx2haTkxC4y0LnEa+DQqbYsa1YyDh0bnfL/t6tfY="}},"Q2Zj0YfiaBgRY50LKbaKLnu5SB9+DUt+yhXOu/nOELk=":{"valueMac":{"type":"Buffer","data":"l7YvqRDL0Nsit8/tVOXMZ+3tPXH9ji90Bk1JfzpzrU0="}},"XyyVDa3ZgFDckbXEMIf5G+464QBBnWZsSSbDRhmQWkk=":{"valueMac":{"type":"Buffer","data":"YkYa8zWkPn7Xd9fWp1EplwnKbJoELngY6yxVkYzIQPc="}},"Y1kDS15fkXA20udMvZs2vmOsG94cHvLPHLtvOsUUbT8=":{"valueMac":{"type":"Buffer","data":"LL6fb/Q4cnZpcJIUDKAxVEn1XzHdR2EZ5UWNfH935TU="}},"iMPTocSfybcnha32SiUSxZY6JZubYenR4Xt/hXvsB90=":{"valueMac":{"type":"Buffer","data":"OF/8itm6CchiWJtyrYj7wZghd+aqGE2WHcfLjh2+LJE="}},"nLQRQ5GudIH43uHHd43e0QycG9dC/Y0+UXBzWb/AZVI=":{"valueMac":{"type":"Buffer","data":"xOVoMDhGyLTaMxJGr5Y7H6MwxtX04gkVl9Fuo97XDIw="}},"rkCC5uPvUSQM5TlW9e+oWbcv6QzxeO9urxx5X2UQ7ow=":{"valueMac":{"type":"Buffer","data":"AhvRjYTHvvuR9BeDwBG5HXtLarzisXcpzNGfDJfnBgY="}},"vliiNlIcfgLK3tYbb/TU9tBZzjKS4sPjx+AN92YzeGE=":{"valueMac":{"type":"Buffer","data":"zt+3vwzGBXy8V6aF+lfZTYyOdLchOLZhFyPrj3CL3Q8="}},"2Jixz1kpbx27c7bqAhSQo02MvEqGIlyc33aJXRb0+ik=":{"valueMac":{"type":"Buffer","data":"aZpxgTsZVb4huGt6UM7Pp+5dgBA0UrrNindIAyKVrgc="}},"2dl2IOZzv0+CboctU8XLmat3W7+2h9dK1W5R1UbXIOc=":{"valueMac":{"type":"Buffer","data":"fwYQzLu0hXro36SJVF3ekK5rTUlIPQY3PRCB+sjSrYg="}},"3YNNTEk7UYmKLK2sUeTYh8Z3lWveNaNcX6JC3UfwQVg=":{"valueMac":{"type":"Buffer","data":"e6Vl1qptAm4Al5y/izrL25tpKi0GNSWt+/t9XneVFq0="}},"/KQlNm53rbdnqJFZmXfYY+dCG8vCIo/DXWY+2g/+jNI=":{"valueMac":{"type":"Buffer","data":"9kwLZ5fmhvaPlp+wdozSHyrYLE+A5n9xhHb8HghI3go="}},"ROiB3O1Ps/wIUjG+1d4XLPsG4vcnJjNiOF1mvDrsAS4=":{"valueMac":{"type":"Buffer","data":"QBspVUGtfzIhO/BoEvRrETHaoolqOKk3L3YOShPCQAg="}},"d4Bow+9FVbeZ4LXowonK+BZ0uVl7Ggqblj9wJH0vKvQ=":{"valueMac":{"type":"Buffer","data":"0DgEFjGH0285cKDBII8So6Btaq3HsDdY/esujNod7ZM="}},"9YAsyfRFDLafMNZAbhv0FWQjW5YTzxCQF2TINlwHk0U=":{"valueMac":{"type":"Buffer","data":"tH3uktsaFY9Y5T199kzzFU5p7GN8A8aPLMSQpku0PAk="}},"5A7e8IgsV35zeGia7ifEQXs3j3ztyc3S98enMbpJhSI=":{"valueMac":{"type":"Buffer","data":"dnp2UK2AwdQ6+zW8gtxKBufZdgWYyk7+191MRTB0fMM="}},"9Wyvvf8aJ009FAO188Ett5NKU/Fp/nE1Lyih10s71d8=":{"valueMac":{"type":"Buffer","data":"NsxkokyEFiC4g0db2Q78Odr5lSjpjfOcgsOvool4r1I="}}}}