{"version":8,"hash":{"type":"Buffer","data":"vetFsVyfQQ8QESrmCHix65qU/H2fqwz2TRWa+KAf761aq2KbLFMs8XdQld43SWDMaVwXQuOEI9YM/0X0t2SHJGmm1FJ5HhPHBFcSc2Z4nIklemzQN9zhDzEh6kDGIfYVaanSPFJppi08GPQqfBfCcTFlQ9j7mERlN3HEf5WVDCU="},"indexValueMap":{"D66hH4yJQ8b+qyvtjaL7tdoPSzIjzQ9r31yjD6vj3is=":{"valueMac":{"type":"Buffer","data":"tbM5viGJd3X8iclmrvrs8udASMEC8LfTCrU9m+baz6Y="}},"Gp+qvfU8JVSez0TQUAN39ucK6ZZR1rCS+B7kyozMZHw=":{"valueMac":{"type":"Buffer","data":"wLBNnUpdyEmENli1Jq9xNtBrtAoVqZY4AerCDDOervQ="}},"H7yqjrU21ZH2esovj4qMFNw02A2J1grQBQ8CRME/M2E=":{"valueMac":{"type":"Buffer","data":"uNpKWjDlfSQvQwzVYc930ZkpkOPYKtdGdgu4XtAbARA="}},"R9aeUonxcN99uG//4DEZTSVgCWugeDKky201DFVwHpU=":{"valueMac":{"type":"Buffer","data":"8FlESZK4TFglDxFh65ZdU3tF9NWakRsV3mmnIMBum9Q="}},"SIEyAoRlM9a6P5vM3q8oPN5sHUhb27oK+fO+NaXlMjs=":{"valueMac":{"type":"Buffer","data":"52aHTq3DlGT783qyTKlliBB+hg+2rLG2zJXjojXALL0="}},"cevwHmtwlq4Rs9TT9/D65C7C93ta8DXfBD+0Jwz4Dbg=":{"valueMac":{"type":"Buffer","data":"T/XmYbfE2SV6TnR9J97uekg10hXCpdi1Eu2YtN5D5xU="}},"jMDAsruRQ6UPsDvbmYQ51dLbAXxhqmg+pbtEMSDs2VY=":{"valueMac":{"type":"Buffer","data":"88fZXlLiFdGhORZVDii8aJ3S+q+VyItmMAdPB9mHDsM="}},"sojzB1yHmzncA7PaC1HUi4/x4Cr+V7tV5R2KH9N5Vg8=":{"valueMac":{"type":"Buffer","data":"UOYU3OvBNB0oisp/osfN3CH0PLNQBtDFOQG0DXkIPfc="}},"wY16InUON44Hyq7TLjklDkrtD3Xjy1cNWFC50xzqC5I=":{"valueMac":{"type":"Buffer","data":"h1min3GJraHjnEW92QaQMTTBvXyhdpsDg1uqvtLkmaY="}},"yJm/v3dwdtPwXrXopBPukHu8fTSnMlbBMeu4J/fh0r0=":{"valueMac":{"type":"Buffer","data":"uZ3b/f6sMpF7d2ddUmKlWh8aBTDC90RKAI13BWXllJ8="}},"0CsJKVl6ILvFL1dvO7k/k3HCvNNfyR9re4QMCKjjZHs=":{"valueMac":{"type":"Buffer","data":"qGKbLLrfX9zfVslk7YgEItiDI3TO2N2jl6nCD5gOB3M="}},"a4JFL6aQlaIJeqyPsUSl8Tp96jqT36gNYvYYKWdR5kc=":{"valueMac":{"type":"Buffer","data":"ZVVNlYN9R6KzP/a+oAtL/CWbkTwvnMcbNKMYBpAUsaU="}},"aCw9to0oPJoVHMeorLx1shE2CGskU+pKq7t509uQ1sc=":{"valueMac":{"type":"Buffer","data":"KVY1MNRavzmrHbO9HrwvicDiAN4hWrOGmgMpW6TFxn8="}},"GLZAfPgUHlWXAdop5AtVJqOcKsg7Q1KNqfbaw5mvckk=":{"valueMac":{"type":"Buffer","data":"F5ZBCiFF5zRlmrpuZ5dPstsHFl9WFMILAmsR/Rz2b6s="}},"bnGhz67NxtGX3OxHcyBymv0aYSQyooZhonQU1fZ1YhE=":{"valueMac":{"type":"Buffer","data":"I8hftmXLZrDgPl8j7FdiWImE7TVv39QPg+UHRg3uVhE="}},"tFuLcrcjHYJRKR5JAGyerVHP2R8CJfVjcQ19QBimqc4=":{"valueMac":{"type":"Buffer","data":"vO4j6N2XBAXp+CURWMZPryM3Jm14b4cGkAGoUnaLTF0="}},"0HGMK031348WA2N6+E6IWmq3moKqmxkw4JZk8+9XcCc=":{"valueMac":{"type":"Buffer","data":"IJvNtSvFjCiNsRnMzwZir+bAMTJjtoEtPe6TkungE24="}},"6IYa2Mfr4CSgULf4dPVuBOXntLAcXonZ7/bpVb2eUSU=":{"valueMac":{"type":"Buffer","data":"YJvjzLulafYae/pvoV/9m70poy13AQ91ykmhfVtUGoI="}},"hakWw5p440gNde6vZgdJzP2b3MDdeJsU7rI4LTE38+k=":{"valueMac":{"type":"Buffer","data":"m/L4ymlWlrqYZL1az6jW4Cbm5sP8qc1o2N4UhIfPbBI="}}}}