{"noiseKey":{"private":{"type":"Buffer","data":"IM5x7pcPt18ojuPuVyGjdfZ+LRPP3PYIBHOt5vh/WkI="},"public":{"type":"Buffer","data":"A+hnDOl8UBVEdWS1PR1kh1mSB9KAbnEjecC146ZlPEc="}},"pairingEphemeralKeyPair":{"private":{"type":"Buffer","data":"8AQa9JCkJ67lxORQjFfKENqBz3+nJdlVk/yqg9fMJVc="},"public":{"type":"Buffer","data":"7C7k7p3yHgaIejw4H4NFPtGCKrUBzL0w15D4jvunK3o="}},"signedIdentityKey":{"private":{"type":"Buffer","data":"uKvz7KJ6K84NjLghLWZgBsvfJXJrF7+KPxljEUGCv3E="},"public":{"type":"Buffer","data":"9+9SwqaIZdmqaZPSHVJkC6SwmJkAgS+qgXr5bkzJyic="}},"signedPreKey":{"keyPair":{"private":{"type":"Buffer","data":"YG19R4c65YONPXH9kSnGAmNpZGCX5U98ufFvIpb+7HQ="},"public":{"type":"Buffer","data":"aT3WQBUZqgDbmEisJ6sm4q3bv1aay/4xngBuBMfn/Us="}},"signature":{"type":"Buffer","data":"zF0PEhHsdrp65gQEdxdiEaO2XA0LN8W0R97/VFQ78jZ7/+VvrF6pGoiizAjOnAHEaXrFY0SKZCUGMpmAigKdBw=="},"keyId":1},"registrationId":41,"advSecretKey":"GrEHHJ1rHy7WLryVwxsDv2jy7OQB0uNnBZpQonSLf00=","processedHistoryMessages":[{"key":{"remoteJid":"6285756717521@s.whatsapp.net","fromMe":true,"id":"8D5CF942DC01B5F202E8C57566797656"},"messageTimestamp":1726672295},{"key":{"remoteJid":"6285756717521@s.whatsapp.net","fromMe":true,"id":"092E0EAFBEB4262ADC495D444774A099"},"messageTimestamp":1726672296},{"key":{"remoteJid":"6285756717521@s.whatsapp.net","fromMe":true,"id":"C5D206A1A04735E95F220EA56E3370DD"},"messageTimestamp":1726672316},{"key":{"remoteJid":"6285756717521@s.whatsapp.net","fromMe":true,"id":"8AC5CDAFA6DF05171CF47BE7FD1EA05F"},"messageTimestamp":1726672318},{"key":{"remoteJid":"6285756717521@s.whatsapp.net","fromMe":true,"id":"7D3DF075A5BCFBF7D233FED915DBFE45"},"messageTimestamp":1726672355},{"key":{"remoteJid":"6285756717521@s.whatsapp.net","fromMe":true,"id":"6AAF447FD56C1F03D3AD98A8EB6F5015"},"messageTimestamp":1726672357}],"nextPreKeyId":31,"firstUnuploadedPreKeyId":31,"accountSyncCounter":1,"accountSettings":{"unarchiveChats":false},"deviceId":"45wIBxKqTDK_-C_KMT5u5g","phoneId":"977fca02-c8f6-4a90-aecd-e19cdf3bfb9c","identityId":{"type":"Buffer","data":"1L6Uh/WUGO8Hby8coC9Gc8Mtzkk="},"registered":true,"backupToken":{"type":"Buffer","data":"qbRVisHF+3mDL3fcV11sWxpyVyI="},"registration":{},"pairingCode":"S4MVAW5B","me":{"id":"6285756717521:4@s.whatsapp.net","lid":"44835633365035:4@lid","name":"Ahmad"},"account":{"details":"CIfr3b4CEJzbq7cGGAIgACgA","accountSignatureKey":"5DUZxg7C8W4Bgk9wuHfHM3HWyuQ1+cTapjfzMnuoPj0=","accountSignature":"eTY1dES9BeMpYYs64xoorZcQvLYI89oRRrFW//OPToSKLvIsti2hjSKDRKCH7Ib5LvvNnhnWIcJZxXD/0X5EDQ==","deviceSignature":"4LJ/YOD5S6OeAr+7BIp4kKlqRXEXHCXuK3ihlheyfLFQLZchMCfhM6wkpSGAdgdr9tVJmM8lRkVD6Ul8ta0NAQ=="},"signalIdentities":[{"identifier":{"name":"6285756717521:4@s.whatsapp.net","deviceId":0},"identifierKey":{"type":"Buffer","data":"BeQ1GcYOwvFuAYJPcLh3xzNx1srkNfnE2qY38zJ7qD49"}}],"platform":"android","routingInfo":{"type":"Buffer","data":"CA0IEg=="},"lastAccountSyncTimestamp":1726672337,"myAppStateKeyId":"AAAAACWY"}