[{"senderKeyId":1554038355,"senderChainKey":{"iteration":23,"seed":"9TKhyCMVDe8NGs6GXQX1hAn3eaooaGPE4D+N0RZ0x8s="},"senderSigningKey":{"public":"BSqMx/7PCDLq8ujBXZaJbOgBcYRlafQUh+ewqQrnkVIM","private":"ID6kFQETRpkbjxZCQusTtMvJOUbw4mM8szHJwVXPqlI="},"senderMessageKeys":[{"iteration":1,"seed":"tXkKmBvRK+ObhDFBnGVJk2ymPz/rcnuVb2Z1dLa2eV4="},{"iteration":3,"seed":"nhu580C45RfAIoELiQFVlwus8enT6vARv5AuMQF43mA="},{"iteration":5,"seed":"nfstwmIcTKIdCS5ZvptR147bxSKge5jkAK8Frg/ynEo="},{"iteration":7,"seed":"7I8ncbMajTDJNGLBSdoSJHZoJQEFtee1jQIKyJMcAxA="},{"iteration":9,"seed":"OvRxadoTPofBVpg2Q3+5lqeRph1l+lWGrYk//HA9c50="},{"iteration":11,"seed":"c8Vt2qZez1GWesrRaGchw93MSdVuYdNdKx3Wtz7F8qk="},{"iteration":13,"seed":"CVboLCaI1+eEKHdvKIiR34MGsOM/57Pi7dzooTyADLY="},{"iteration":15,"seed":"0h5oHViWWOFI5AnTL2qJj3Oyk9YxakFTalVjU6bfK8A="},{"iteration":17,"seed":"TJ6y7i//3G0/eGIYAElGuwLhip54rqWdTX3yuaW+7K8="},{"iteration":19,"seed":"g9xFQlnT8jYyCKfQoWXVIbQTPczzv71Biy747ivzX34="},{"iteration":21,"seed":"aX7A2ISk3tNU23HELEVz4Xq6y/8Iz6xf5RF9S+3Cc9o="}]}]