[{"senderKeyId":1021073169,"senderChainKey":{"iteration":219,"seed":"e7G+5ZTN2kv6Bd7kFGimtZjIiixeX61OmG4neMFQFG0="},"senderSigningKey":{"public":"BcZpIbt/T5xNN5IfNoUdE19w6kzZ/vO39qDwzmKYQAhe","private":"IGQDiWAc4UHj0H2C0K3pslnoCAkYW7EbAGpm+21RUH4="},"senderMessageKeys":[{"iteration":1,"seed":"YxecULUikdQAzmJ9AnjjqgdaEjL+2keuwcsveY7POiI="},{},{},{},{},{},{},{},{},{},{},{},{},{},{},{},{},{},{},{},{},{},{},{},{},{},{},{},{},{},{},{},{},{},{},{},{},{},{},{},{},{},{},{},{},{},{},{},{},{},{},{},{},{},{},{},{},{},{},{},{},{},{},{},{},{},{},{},{},{},{},{},{},{},{},{},{},{},{},{},{},{},{},{},{},{},{},{},{},{},{},{},{},{},{},{},{},{},{},{},{},{},{},{},{},{},{},{},{}]}]