{"_sessions":{"Bfn6XwKccpfL7qlHFXgjmZexSFC6XX9D7Aam0c8QAfQU":{"registrationId":1055727056,"currentRatchet":{"ephemeralKeyPair":{"pubKey":"BVE21oefJSyWA07V048QyV5UpAu3i+o3Y2XfaH2Y0Kga","privKey":"cL9+DBwIFX+kl+TAOJoiKY0hvolQyVtsOF1ZqlUOb3g="},"lastRemoteEphemeralKey":"BcM35zQuFrTw1aiQmYGlway7RoGw56U8j+kF6ofIuTUB","previousCounter":0,"rootKey":"NMhDFpFefg8AEM3+y0rXedDRlpjkt5Um/WsMEIXrdWI="},"indexInfo":{"baseKey":"Bfn6XwKccpfL7qlHFXgjmZexSFC6XX9D7Aam0c8QAfQU","baseKeyType":2,"closed":-1,"used":1726678038374,"created":1726672294967,"remoteIdentityKey":"BeQ1GcYOwvFuAYJPcLh3xzNx1srkNfnE2qY38zJ7qD49"},"_chains":{"BTr6Y+p8tvZyVlopzDpnR9FMnc5GLUuIaHxj31t3z9kJ":{"chainKey":{"counter":9},"chainType":2,"messageKeys":{}},"BVou11PBv1e21jc/00U7kvbvLryNba20JITphn+M/qFT":{"chainKey":{"counter":0},"chainType":2,"messageKeys":{}},"BZNoHKMpktMXDiPZ/225EBGMobV66qrI7VWQwvRgq+Z8":{"chainKey":{"counter":0},"chainType":2,"messageKeys":{}},"BYYK3o2O5JSM9qJK5c5N/hq7ANb9IBMvElEYl2TMl8QF":{"chainKey":{"counter":0},"chainType":2,"messageKeys":{}},"BcM35zQuFrTw1aiQmYGlway7RoGw56U8j+kF6ofIuTUB":{"chainKey":{"counter":1,"key":"z8WhwgtMaQWAFtMxAJjkZVy8JBhBNx1vLF1gxvwQcMU="},"chainType":2,"messageKeys":{}},"BVE21oefJSyWA07V048QyV5UpAu3i+o3Y2XfaH2Y0Kga":{"chainKey":{"counter":-1,"key":"uR7rleQg5pFzd3nH+unUrco3bMHDoHhZHznFjDtxWhY="},"chainType":1,"messageKeys":{}}}}},"version":"v1"}