{"_sessions":{"BSSL7oVP6VkXO3bOKSpKNDQPidvwhZAOXh80zRBeuGcC":{"registrationId":702165071,"currentRatchet":{"ephemeralKeyPair":{"pubKey":"BVUJaeea9kBp8VN8DnMtU3p2XBWKuf31P0dgS6ClcEkc","privKey":"mNdW3fVqmZebJGjjNA1+5wqyaHGTfri+ehe+FNgP6Hw="},"lastRemoteEphemeralKey":"BfyFC1GRChZtBC5Faomgxnrhff1rndno8TRnwcMteqRO","previousCounter":0,"rootKey":"DlgIe6dfefAr+WiVCMkerHWUIcGSBWL7GgGzaFcQXoU="},"indexInfo":{"baseKey":"BSSL7oVP6VkXO3bOKSpKNDQPidvwhZAOXh80zRBeuGcC","baseKeyType":2,"closed":-1,"used":1726673171649,"created":1726673171649,"remoteIdentityKey":"BVUf+f+ERHuC9PUAum9Rrs6gXCn9RkIJpIo/LTSUvMNa"},"_chains":{"BfyFC1GRChZtBC5Faomgxnrhff1rndno8TRnwcMteqRO":{"chainKey":{"counter":0,"key":"5U4iINeKpVXF3qtJZCh/ho2hcUk34lW2JjMaDpfj2uI="},"chainType":2,"messageKeys":{}},"BVUJaeea9kBp8VN8DnMtU3p2XBWKuf31P0dgS6ClcEkc":{"chainKey":{"counter":-1,"key":"6eOtyotcoacphFRkHjLdEzaXeK0X8FGYtFUQ/PSSVho="},"chainType":1,"messageKeys":{}}}}},"version":"v1"}