{"_sessions":{"BbLhnlUWZRpYQxjCc6bn5Vu9nZfOuqLES/qEkNbbX84m":{"registrationId":931798346,"currentRatchet":{"ephemeralKeyPair":{"pubKey":"BSv29h0Tt0FeQLzgFFnpfCaKJpkGtjsMLep2JfmlwJhZ","privKey":"EIxjIrYGqqPySzvJNjb26xTVQQYT78neddg+CkS3iHI="},"lastRemoteEphemeralKey":"BWzXHO+x+Cm6nvvSj4Ni3QaClgiZ5u+jHJzu79xyKfw9","previousCounter":0,"rootKey":"WSuMDfMgwgHu9M2//B+5bqNUh4LbvSMFTXf1OQtZ2ro="},"indexInfo":{"baseKey":"BbLhnlUWZRpYQxjCc6bn5Vu9nZfOuqLES/qEkNbbX84m","baseKeyType":1,"closed":-1,"used":1726674308259,"created":1726674308259,"remoteIdentityKey":"BbXSwt/2wzc2lmbyt9Fn0ecbw/xD//Bm5Vlosbwm8/FU"},"_chains":{"BSv29h0Tt0FeQLzgFFnpfCaKJpkGtjsMLep2JfmlwJhZ":{"chainKey":{"counter":0,"key":"Re+Zzh4avhngkcFzGaiOaNnxr5qcO2Tkto/vjjZtErg="},"chainType":1,"messageKeys":{}}},"pendingPreKey":{"signedKeyId":1,"baseKey":"BbLhnlUWZRpYQxjCc6bn5Vu9nZfOuqLES/qEkNbbX84m","preKeyId":6990267}}},"version":"v1"}