{"_sessions":{"BWwnetlzzFhI+78LbJ4Xd+ITDR1SO2TxNx4owevNaaBP":{"registrationId":62,"currentRatchet":{"ephemeralKeyPair":{"pubKey":"BUsfgBL/jAoTnANWZMrTFgSUP8QZ4NYFucr3xM9uFc0J","privKey":"6Go2IRztzBe7KBcbowlsUO9Hc6MsvQFX31wmEOcEc1g="},"lastRemoteEphemeralKey":"BYBDsIM9jEgxyyh/MHRVl5IpD+OWrGDkSjSkMCeXAUsX","previousCounter":0,"rootKey":"bH8vtzToJu5Y1XBqPgEMHZoWnJjpPuNyfboi5unXz14="},"indexInfo":{"baseKey":"BWwnetlzzFhI+78LbJ4Xd+ITDR1SO2TxNx4owevNaaBP","baseKeyType":1,"closed":-1,"used":1726674308254,"created":1726674308254,"remoteIdentityKey":"BYUNCDnSWEJUx/SghIvFHv7SmOFdMYmg963aTaZHd+Q+"},"_chains":{"BUsfgBL/jAoTnANWZMrTFgSUP8QZ4NYFucr3xM9uFc0J":{"chainKey":{"counter":0,"key":"sdWjfyav2aA+0RPFwtGgOEK1wyu3IvcQy3HL9irFSG0="},"chainType":1,"messageKeys":{}}},"pendingPreKey":{"signedKeyId":1,"baseKey":"BWwnetlzzFhI+78LbJ4Xd+ITDR1SO2TxNx4owevNaaBP"}}},"version":"v1"}