{"_sessions":{"BcZee3UETOLpZu94B/Gj5klzTyHlf7/aYZslAQEqHGEP":{"registrationId":201351790,"currentRatchet":{"ephemeralKeyPair":{"pubKey":"BQUNobSxX0o00bRbqkZqqv9XLf9ZJvhxAhbHU3lFtdpY","privKey":"cIes5WWLx/iEJampklfVOarxbHYwCI6Xww2np0uVk1I="},"lastRemoteEphemeralKey":"BZyoJ4F2Plb8IaRH9Gq27URq6Kor3SLK5n+/t3PlzXZf","previousCounter":0,"rootKey":"Ge4h45xxUBQ5iOVN7b+ZygJWHob1bm3UQ5K6mVQ73T0="},"indexInfo":{"baseKey":"BcZee3UETOLpZu94B/Gj5klzTyHlf7/aYZslAQEqHGEP","baseKeyType":1,"closed":-1,"used":1726674310657,"created":1726674310657,"remoteIdentityKey":"BfOCou0AmHURUbgbDJgZYWtuS0XeVugQF+AynwgJCewe"},"_chains":{"BQUNobSxX0o00bRbqkZqqv9XLf9ZJvhxAhbHU3lFtdpY":{"chainKey":{"counter":0,"key":"E8TjlJhp9TGoej3q1iNOw9nTy/29bdb4g7F1nz72ABM="},"chainType":1,"messageKeys":{}}},"pendingPreKey":{"signedKeyId":4,"baseKey":"BcZee3UETOLpZu94B/Gj5klzTyHlf7/aYZslAQEqHGEP","preKeyId":14196220}}},"version":"v1"}