{"_sessions":{"BXcXdtciGK/rL7rPRIKpumFB99KQDDaebNjg7y/xwBYc":{"registrationId":221662480,"currentRatchet":{"ephemeralKeyPair":{"pubKey":"BR55ha1TZl0uHs/Gbbr2EDDVqycR/JCeSPTUR7ZQM3Rm","privKey":"cDr4Yh4GxMtdq146wP8D20XpA8ykhKiZQlOYmRA0/2A="},"lastRemoteEphemeralKey":"BRRth70WAb3cZXf7P4BegCF8/mCncFIpYK0i7pW7Cq86","previousCounter":0,"rootKey":"R1tv02fggJ6HtTKiYqRn4R1UqxzykRvHaiBt890KY0w="},"indexInfo":{"baseKey":"BXcXdtciGK/rL7rPRIKpumFB99KQDDaebNjg7y/xwBYc","baseKeyType":1,"closed":-1,"used":1726676151737,"created":1726676151737,"remoteIdentityKey":"BTlhPWTyk1f7BmaRVvZht5QtfHuckRMai310ZT5SGvBs"},"_chains":{"BR55ha1TZl0uHs/Gbbr2EDDVqycR/JCeSPTUR7ZQM3Rm":{"chainKey":{"counter":0,"key":"4bCzmHO0RuP4Fys0hge98Itf1e1/x5QEMDdnLRdWbpk="},"chainType":1,"messageKeys":{}}},"pendingPreKey":{"signedKeyId":5,"baseKey":"BXcXdtciGK/rL7rPRIKpumFB99KQDDaebNjg7y/xwBYc","preKeyId":10871221}}},"version":"v1"}