{"_sessions":{"BXEg0LbDfqTYyDXXCCqO1vqGTyVE5jIR5n5OODsCsro0":{"registrationId":1256167243,"currentRatchet":{"ephemeralKeyPair":{"pubKey":"BX3Yq24VdkRtcYpeAI6kISlKeZVqILkA8DvbzJ7DoJ5o","privKey":"QBDyym7tgbTS53YC+QwIP2Lzi4ZNBKuU+rPTq5uOKXQ="},"lastRemoteEphemeralKey":"BXBbj3zlXQ7IKuUF8fAXeZQfdRz+5p6hgiW2jcugJBNl","previousCounter":0,"rootKey":"1GP+BulUJIrKqfwPthYKrK8R30o7JRtQT/FysTdwiSs="},"indexInfo":{"baseKey":"BXEg0LbDfqTYyDXXCCqO1vqGTyVE5jIR5n5OODsCsro0","baseKeyType":1,"closed":-1,"used":1726674304827,"created":1726674300509,"remoteIdentityKey":"BfQrVMj2aekEZksAbOAuNKim7QEi1psNV1Gtj/WV1j5J"},"_chains":{"BXBbj3zlXQ7IKuUF8fAXeZQfdRz+5p6hgiW2jcugJBNl":{"chainKey":{"counter":0,"key":"LpO0glKJkz9xwGAt+O8kQLJTE/x/ODKIp3UlevvVgpI="},"chainType":2,"messageKeys":{}},"BX3Yq24VdkRtcYpeAI6kISlKeZVqILkA8DvbzJ7DoJ5o":{"chainKey":{"counter":-1,"key":"OOC2fygrJqhOkckCrD/b3oshqYa6Tpg6bDEr+3cjFio="},"chainType":1,"messageKeys":{}}}}},"version":"v1"}