{"_sessions":{"Be6sXhzgqUJvCUUkZLsJN3zIyFwywHOMFdy3E2YSf6QJ":{"registrationId":246528038,"currentRatchet":{"ephemeralKeyPair":{"pubKey":"BQDc2vVca3mXubAxAVaVj9MtEhqNs4bvJewviYGjP6Am","privKey":"APPaox+T2vTj5INki/C1URdmdCXWnIYjXdCRhvOr9VU="},"lastRemoteEphemeralKey":"BVzAIH5zLzrFdovDvnEA7HAa0pWS1HInid4IvbeiZIR4","previousCounter":0,"rootKey":"Uf1gZKtkVJ6DAmiHYK59OsEddYPDRWUXeqlmqE1DiDM="},"indexInfo":{"baseKey":"Be6sXhzgqUJvCUUkZLsJN3zIyFwywHOMFdy3E2YSf6QJ","baseKeyType":2,"closed":-1,"used":1726676419042,"created":1726676419042,"remoteIdentityKey":"BRT4JQz84a87/4I2zlBW6WqYE4y7rvW78uvEP4GTVBYG"},"_chains":{"BVzAIH5zLzrFdovDvnEA7HAa0pWS1HInid4IvbeiZIR4":{"chainKey":{"counter":1,"key":"FG9BC2XxMu2pxa6z0LIuVaxg46I3uhpyDjBRgKFKHdo="},"chainType":2,"messageKeys":{}},"BQDc2vVca3mXubAxAVaVj9MtEhqNs4bvJewviYGjP6Am":{"chainKey":{"counter":-1,"key":"/XcoVLQ4EApVF2qhBdfuCk4uTqL7xEv+J8/IWp0mvCo="},"chainType":1,"messageKeys":{}}}}},"version":"v1"}