{"_sessions":{"BT1+nZ6DNn/VsYD8M295o2XyamhK3oSKBHxd+2ebCZdS":{"registrationId":1071750239,"currentRatchet":{"ephemeralKeyPair":{"pubKey":"BVXlMXLIZ6OBY2g13DuAoPEZ2/uVyS5WUUQZPyILEb0Y","privKey":"uNDu2j+g7AJbLuj3x1xnILKbKeBI3M0E3/BlAzhwaFI="},"lastRemoteEphemeralKey":"BZD7yMlNgbmDYf+wPNzOxg+dEh5JWrmuOoY53jcTVr0U","previousCounter":0,"rootKey":"fdfKsspNhJc/pnD+zn12MpiERLBvsnr2xuDcZQ8dMS4="},"indexInfo":{"baseKey":"BT1+nZ6DNn/VsYD8M295o2XyamhK3oSKBHxd+2ebCZdS","baseKeyType":1,"closed":-1,"used":1726676151745,"created":1726676151745,"remoteIdentityKey":"BZwgHPCK077U8L+HBWmt35Ocq7erVTkvM8iZjiHLBN4Q"},"_chains":{"BVXlMXLIZ6OBY2g13DuAoPEZ2/uVyS5WUUQZPyILEb0Y":{"chainKey":{"counter":0,"key":"nOPCJqG7jJMRMGAM+f7wyzTOxJKhkJ8DQo0KACVo5LI="},"chainType":1,"messageKeys":{}}},"pendingPreKey":{"signedKeyId":3,"baseKey":"BT1+nZ6DNn/VsYD8M295o2XyamhK3oSKBHxd+2ebCZdS","preKeyId":12404791}}},"version":"v1"}