{"_sessions":{"BWdPn4U7q1Dm0Us/Q+8lrfB2m+2J/cKMw3G2gdqOYHIp":{"registrationId":2126411844,"currentRatchet":{"ephemeralKeyPair":{"pubKey":"BXqTzZ3SA/Nit/kuUYiRvg4/CrWc4W0UT8aE2pp4zLJ5","privKey":"MOKUB7FfjsWfy1D9kIpBtIdvOSoXDGkOhMrA+yXgv3I="},"lastRemoteEphemeralKey":"BdnmDNxfghvh1WmXipBh87CGkj/6TYvmAd/uUoKr0v1p","previousCounter":0,"rootKey":"wkcgNxUETGPCCYrzKfWCNqPq5ouK78XSa+QOsNdS530="},"indexInfo":{"baseKey":"BWdPn4U7q1Dm0Us/Q+8lrfB2m+2J/cKMw3G2gdqOYHIp","baseKeyType":1,"closed":-1,"used":1726676151733,"created":1726676151733,"remoteIdentityKey":"BYdRqnadiOyofMFf1QYOEcy8JON/HKAz2XezQKlg9jJY"},"_chains":{"BXqTzZ3SA/Nit/kuUYiRvg4/CrWc4W0UT8aE2pp4zLJ5":{"chainKey":{"counter":0,"key":"NnY7Pwi8r11dRvyGcdc/BrVtGEIkMecr3msrGuSk1eU="},"chainType":1,"messageKeys":{}}},"pendingPreKey":{"signedKeyId":37,"baseKey":"BWdPn4U7q1Dm0Us/Q+8lrfB2m+2J/cKMw3G2gdqOYHIp","preKeyId":10914200}}},"version":"v1"}