{"_sessions":{"BSCQPZ1nmyVbAdd82v0D3wkx5wp2q0H1Yj4nNnbTBGt/":{"registrationId":578831696,"currentRatchet":{"ephemeralKeyPair":{"pubKey":"BelHzCGpUdZCeqMYlNT+8mSUIpbGlUy2v6C8DQgVT5t9","privKey":"mA6NSVruqLo3aqZRClKdv/ZSGyg6w7bfGujSgno7HWU="},"lastRemoteEphemeralKey":"BSbQVN2DpbsVkMirYWee3kebf29CMCrt8Ou8F98awtxH","previousCounter":0,"rootKey":"BqAjSTXgwdUIcNKM7rw/EjeZ/LLlbfkmZyi/k9nMyis="},"indexInfo":{"baseKey":"BSCQPZ1nmyVbAdd82v0D3wkx5wp2q0H1Yj4nNnbTBGt/","baseKeyType":2,"closed":-1,"used":1726673936040,"created":1726673936039,"remoteIdentityKey":"BejNCkKgSl3ijUq4NeuHM9Ou6zeZcxDb0VuD4dliIY0e"},"_chains":{"BSbQVN2DpbsVkMirYWee3kebf29CMCrt8Ou8F98awtxH":{"chainKey":{"counter":0,"key":"8nfT0efClvy7aZo6kmmTpDmr6y0G2zXbqEXTj3T/JVM="},"chainType":2,"messageKeys":{}},"BelHzCGpUdZCeqMYlNT+8mSUIpbGlUy2v6C8DQgVT5t9":{"chainKey":{"counter":-1,"key":"GKismoTMVKMrDWg6DQJYC4nURIccdGAiia+qlfUt3GM="},"chainType":1,"messageKeys":{}}}}},"version":"v1"}