{"_sessions":{"BdB0CzB9igGWAchfGU0k0NF+Sc00NHppmRjVjaNy/gVz":{"registrationId":1887297021,"currentRatchet":{"ephemeralKeyPair":{"pubKey":"BYUSy9nEOIoe97U3iv10C/VvaF6R+wF63P+1z2Dh4wwb","privKey":"IIfnUaVvfiP3pXjhqlSn+KAUYSs3w0NhwOuKEVL641E="},"lastRemoteEphemeralKey":"BWuMFg2t3xOjd6G99t+xdrUo273jcjVDpUbz0u0mmWg2","previousCounter":0,"rootKey":"A4Z3xTSSJeLNxdDuS0wgRlywN144m6b7EUmzsDMNeCU="},"indexInfo":{"baseKey":"BdB0CzB9igGWAchfGU0k0NF+Sc00NHppmRjVjaNy/gVz","baseKeyType":1,"closed":-1,"used":1726676151729,"created":1726676151729,"remoteIdentityKey":"BX/BG9aB8y7I/VQ3VWqpQk5EVaG6c6P6f3xHeCCQZwk6"},"_chains":{"BYUSy9nEOIoe97U3iv10C/VvaF6R+wF63P+1z2Dh4wwb":{"chainKey":{"counter":0,"key":"y1/0IvQo9WvkGLVi9jbmED7ANzo9c0Q/vtxCzuMnA6A="},"chainType":1,"messageKeys":{}}},"pendingPreKey":{"signedKeyId":8585082,"baseKey":"BdB0CzB9igGWAchfGU0k0NF+Sc00NHppmRjVjaNy/gVz","preKeyId":1164}}},"version":"v1"}