{"_sessions":{"BQ3A5gTFiEdVWa/48HxuQexdBDmUsTqHPvJaEN4RZMEA":{"registrationId":1247641623,"currentRatchet":{"ephemeralKeyPair":{"pubKey":"BSxOgXanA0bnXmfP1hdashq0+IdOUC7BlkTBf3CWu0cf","privKey":"+D0LjRQj/iM1nR6a5wc405ltieKQrMG15EmNiw3JRVk="},"lastRemoteEphemeralKey":"BfhFECgUa9C9saGVuWevVSdi4EnPA6WhQKgf4iWudw4K","previousCounter":0,"rootKey":"PZU2CkVd7vThdYIreAkXHXHbqSISAxc30QJHkVPosIE="},"indexInfo":{"baseKey":"BQ3A5gTFiEdVWa/48HxuQexdBDmUsTqHPvJaEN4RZMEA","baseKeyType":1,"closed":-1,"used":1726676151741,"created":1726676151741,"remoteIdentityKey":"BSn7IUQd5AfemeBzWAF73UkiYg3pv2XnbumCk/vAm7db"},"_chains":{"BSxOgXanA0bnXmfP1hdashq0+IdOUC7BlkTBf3CWu0cf":{"chainKey":{"counter":0,"key":"UsBHwMAApkQ26pvtSbVx81GsRsdMYCRyPL0dSJHNwCU="},"chainType":1,"messageKeys":{}}},"pendingPreKey":{"signedKeyId":0,"baseKey":"BQ3A5gTFiEdVWa/48HxuQexdBDmUsTqHPvJaEN4RZMEA","preKeyId":14057308}}},"version":"v1"}