{"_sessions":{"BbPii7ChyDOeN6upyY6IrFrs1VHyhtqbPpDfGL2UzENj":{"registrationId":144,"currentRatchet":{"ephemeralKeyPair":{"pubKey":"BShU2hdHngDRkNr5ZueKc0+VHpa48FsOVmCrBX9GDIgV","privKey":"WEUEGskodNO2aGOsSBwfFOYmofksw0JdQgvXntfwqUQ="},"lastRemoteEphemeralKey":"BcHa6CIbzEaMOZhZ/ikV+zW6a8qxQYKDGbilp7wmI4IP","previousCounter":0,"rootKey":"RASVfs4YmXnkIcp24Hb8oDLhxvVMkwOjwRaSBg24zxc="},"indexInfo":{"baseKey":"BbPii7ChyDOeN6upyY6IrFrs1VHyhtqbPpDfGL2UzENj","baseKeyType":1,"closed":-1,"used":1726672355167,"created":1726672355167,"remoteIdentityKey":"BXS/9pTEQv2AjYZGtLKHwYgqHPRTlbYZZJq0gze1wFVn"},"_chains":{"BShU2hdHngDRkNr5ZueKc0+VHpa48FsOVmCrBX9GDIgV":{"chainKey":{"counter":5,"key":"5jF4i5ddLCrGg3Q/VQdWhExFDMehpay41TG+Nek+3RA="},"chainType":1,"messageKeys":{}}},"pendingPreKey":{"signedKeyId":1,"baseKey":"BbPii7ChyDOeN6upyY6IrFrs1VHyhtqbPpDfGL2UzENj","preKeyId":12}}},"version":"v1"}